Favourites,https://www.are.na/feed
Favourites,https://nabeelqu.co/principles
Lex,https://lex.ericjanto.com/
Lex,https://github.com/users/ericjanto/projects/5/views/1
Lex,https://app.planetscale.com/ericjanto-personal/lex
Lex,https://spacy.io/
Lex,https://vercel.com/ericjanto/lex-api/deployments
Lex,https://vercel.com/ericjanto/lex-frontend/deployments
Study Programmes,https://www.postgraduate.study.cam.ac.uk/courses/directory/phphmpead
Study Programmes,https://www.postgraduate.study.cam.ac.uk/courses/directory/pcphmpdis
Study Programmes,https://www.postgraduate.study.cam.ac.uk/courses/directory/egegmpmsl
Study Programmes,https://www.postgraduate.study.cam.ac.uk/courses/directory/cscsmpacs/requirements
Study Programmes,https://www.ox.ac.uk/admissions/graduate/courses/msc-advanced-computer-science
Study Programmes,https://mtec.ethz.ch/studies.html
Study Programmes,https://en.wikipedia.org/wiki/Fulbright_Program
Study Programmes,https://www.cmu.edu/graduate/academics/guide-to-graduate-degrees-and-programs/index.html
Study Programmes,https://www.sciencespo.fr/department-economics/en/content/graduate-programmes.html
Study Programmes,https://www.lse.ac.uk/study-at-lse/Graduate/degree-programmes-2023/MSc-Economics-and-Management
Study Programmes,https://barcelona.uibs.org/admission_program_fees.html
Creative Coding,https://nannou.cc/
Creative Coding,https://docs.rs/nannou/latest/nannou/
Creative Coding,https://www.youtube.com/watch?v=hwaBaoAPOU0
Creative Coding,https://www.youtube.com/watch?v=angojdASJsw
Creative Coding,https://www.youtube.com/playlist?list=PLRqwX-V7Uu6YVljJvFRCyRM6mmF5wMPeE
Creative Coding,https://natureofcode.com/book/chapter-1-vectors/
Creative Coding,https://www.youtube.com/watch?v=Ml6tpyTyXhM
Creative Coding,https://guide.nannou.cc/tutorials/draw/drawing-2d-shapes.html
Creative Coding,https://www.youtube.com/watch?v=6vX8wT1G798&list=PLRqwX-V7Uu6aFlwukCmDf0-1-uSR7mklK&index=1&t=517s
Creative Coding,https://www.gorillasun.de/
Creative Coding,https://www.youtube.com/watch?v=a-767WnbaCQ
Creative Coding,http://iasl.uni-muenchen.de/links/GCA_Index.html
Keyboard,https://configure.zsa.io/train/home
Keyboard,https://monkeytype.com/
Style,https://www.uniqlo.com/uk/en/home
Style,https://www.cos.com/en_gbp/index.html
Style,https://www.oliveclothing.com/
Style,https://battenwear.com/
Career,https://www.raycast.com/careers
Career,https://jobs.deta.space/
Career,https://railway.app/careers#open-positions
Career,https://apply.workable.com/explosion/
Career,https://mostly.ai/jobs#open-positions
Career,https://it-jobs.de/?sta_cmp=advent2022
Career,https://thiswebsiteis.pink/cover-letter-advice
Career,https://jobs.apple.com/en-us/
